1/96,「JourneyMessageHistory_Others」的副本 - 11月13日，上午7:12,JourneyMessageHistory_Others,2-1254
2/96,「JourneyMessageHistory_Others」的副本 - 1月1日，上午7:13,JourneyMessageHistory_Others,1255-10030
3/96,「JourneyMessageHistory_Others」的副本 - 12月14日，上午7:13,JourneyMessageHistory_Others,10031-16331
4/96,「JourneyMessageHistory_Others」的副本 - 10月22日，上午7:12,JourneyMessageHistory_Others,16332-16664
5/96,「JourneyMessageHistory_Others」的副本 - 11月20日，上午7:12,JourneyMessageHistory_Others,16665-18799
6/96,「JourneyMessageHistory_Others」的副本 - 10月31日，上午7:12,JourneyMessageHistory_Others,18800-19203
7/96,「JourneyMessageHistory_Others」的副本 - 11月14日，上午7:12,JourneyMessageHistory_Others,19204-20549
8/96,「JourneyMessageHistory_Others」的副本 - 11月3日，上午7:12,JourneyMessageHistory_Others,20550-20953
9/96,「JourneyMessageHistory_Others」的副本 - 11月18日，上午7:12,JourneyMessageHistory_Others,20954-22841
10/96,「JourneyMessageHistory_Others」的副本 - 12月8日，上午7:13,JourneyMessageHistory_Others,22842-27270
11/96,「JourneyMessageHistory_Others」的副本 - 11月12日，上午7:12,JourneyMessageHistory_Others,27271-28479
12/96,「1JourneyMessageHistory_Others」的副本 - 1月17日，上午7:14,工作表1,28480-43892
13/96,「JourneyMessageHistory_Others」的副本 - 12月10日，上午7:14,JourneyMessageHistory_Others,43893-48774
14/96,「JourneyMessageHistory_Others」的副本 - 1月3日，上午7:13,JourneyMessageHistory_Others,48775-58119
15/96,「JourneyMessageHistory_Others」的副本 - 11月6日，上午7:12,JourneyMessageHistory_Others,58120-58702
16/96,「JourneyMessageHistory_Others」的副本 - 11月27日，上午7:12,JourneyMessageHistory_Others,58703-61417
17/96,「JourneyMessageHistory_Others」的副本 - 11月22日，上午7:12,JourneyMessageHistory_Others,61418-63717
18/96,「JourneyMessageHistory_Others」的副本 - 11月25日，上午7:12,JourneyMessageHistory_Others,63718-66375
19/96,「JourneyMessageHistory_Others」的副本 - 10月27日，上午7:12,JourneyMessageHistory_Others,66376-66751
20/96,「JourneyMessageHistory_Others」的副本 - 10月7日，上午7:12,JourneyMessageHistory_Others,66752-66911
21/96,「JourneyMessageHistory_Others」的副本 - 12月7日，上午7:13,JourneyMessageHistory_Others,66912-71145
22/96,「JourneyMessageHistory_Others」的副本 - 10月29日，上午7:12,JourneyMessageHistory_Others,71146-71543
23/96,「JourneyMessageHistory_Others」的副本 - 1月6日，上午7:13,JourneyMessageHistory_Others,71544-82360
24/96,「JourneyMessageHistory_Others」的副本 - 11月15日，上午7:12,JourneyMessageHistory_Others,82361-83780
25/96,「JourneyMessageHistory_Others」的副本 - 2021年12月28日，上午7:13,JourneyMessageHistory_Others,83781-94372
26/96,「JourneyMessageHistory_Others」的副本 - 12月1日，上午7:13,JourneyMessageHistory_Others,94373-97478
27/96,「JourneyMessageHistory_Others」的副本 - 11月5日，上午7:12,JourneyMessageHistory_Others,97479-98022
28/96,「JourneyMessageHistory_Others」的副本 - 1月10日，上午7:13,JourneyMessageHistory_Others,98023-110638
29/96,「JourneyMessageHistory_Others」的副本 - 11月9日，上午7:12,JourneyMessageHistory_Others,110639-111513
30/96,「1JourneyMessageHistory_Others」的副本 - 1月16日，上午7:13,工作表1,111514-111513
31/96,「JourneyMessageHistory_Others」的副本 - 10月19日，上午7:13,JourneyMessageHistory_Others,111514-111780
32/96,「JourneyMessageHistory_Others」的副本 - 2021年12月20日，上午7:13,JourneyMessageHistory_Others,111781-119956
33/96,「JourneyMessageHistory_Others」的副本 - 1月7日，上午7:13,JourneyMessageHistory_Others,119957-131501
34/96,「JourneyMessageHistory_Others」的副本 - 10月26日，上午7:12,JourneyMessageHistory_Others,131502-131852
35/96,「JourneyMessageHistory_Others」的副本 - 1月4日，上午7:13,JourneyMessageHistory_Others,131853-141601
36/96,「JourneyMessageHistory_Others」的副本 - 11月1日，上午7:12,JourneyMessageHistory_Others,141602-142005
37/96,「1JourneyMessageHistory_Others」的副本 - 1月19日，上午7:14,工作表1,142006-158096
38/96,「JourneyMessageHistory_Others」的副本 - 10月10日，上午7:12,JourneyMessageHistory_Others,158097-158278
39/96,JourneyMessageHistory_Others_BACKUP,12月17日,的副本,工作表2,158279-165748
40/96,「JourneyMessageHistory_Others」的副本 - 2021年12月25日，上午7:13,JourneyMessageHistory_Others,165749-175403
41/96,「JourneyMessageHistory_Others」的副本 - 11月24日，上午7:12,JourneyMessageHistory_Others,175404-177976
42/96,「JourneyMessageHistory_Others」的副本 - 12月9日，上午7:13,JourneyMessageHistory_Others,177977-182601
43/96,「JourneyMessageHistory_Others」的副本 - 11月23日，上午7:12,JourneyMessageHistory_Others,182602-185106
44/96,「JourneyMessageHistory_Others」的副本 - 11月10日，上午7:13,JourneyMessageHistory_Others,185107-186043
45/96,「JourneyMessageHistory_Others」的副本 - 10月13日，上午7:12,JourneyMessageHistory_Others,186044-186235
46/96,「JourneyMessageHistory_Others」的副本 - 10月6日，上午7:12,JourneyMessageHistory_Others,186236-186394
47/96,「JourneyMessageHistory_Others」的副本 - 2021年12月21日，上午7:13,JourneyMessageHistory_Others,186395-194990
48/96,「JourneyMessageHistory_Others」的副本 - 12月11日，上午7:13,JourneyMessageHistory_Others,194991-199971
49/96,「JourneyMessageHistory_Others」的副本 - 12月15日，上午7:14,JourneyMessageHistory_Others,199972-206625
50/96,「JourneyMessageHistory_Others」的副本 - 10月12日，上午7:12,JourneyMessageHistory_Others,206626-206814
51/96,「JourneyMessageHistory_Others」的副本 - 11月26日，上午7:26,JourneyMessageHistory_Others,206815-209480
52/96,「JourneyMessageHistory_Others」的副本 - 11月30日，上午7:12,JourneyMessageHistory_Others,209481-212586
53/96,「JourneyMessageHistory_Others」的副本 - 2021年12月31日，上午7:14,JourneyMessageHistory_Others,212587-224098
54/96,「JourneyMessageHistory_Others」的副本 - 2021年12月30日，上午7:13,JourneyMessageHistory_Others,224099-226598
55/96,「JourneyMessageHistory_Others」的副本 - 11月2日，上午7:12,JourneyMessageHistory_Others,226599-227002
56/96,「JourneyMessageHistory_Others」的副本 - 10月21日，上午7:12,JourneyMessageHistory_Others,227003-227296
57/96,「JourneyMessageHistory_Others」的副本 - 2021年12月18日，上午7:14,JourneyMessageHistory_Others,227297-234968
58/96,「JourneyMessageHistory_Others」的副本 - 11月19日，上午7:13,JourneyMessageHistory_Others,234969-237070
59/96,「JourneyMessageHistory_Others」的副本 - 1月2日，上午7:13,JourneyMessageHistory_Others,237071-246046
60/96,「JourneyMessageHistory_Others」的副本 - 10月9日，上午7:12,JourneyMessageHistory_Others,246047-246219
61/96,「1JourneyMessageHistory_Others」的副本 - 1月18日，上午7:14,工作表1,246220-261956
62/96,「JourneyMessageHistory_Others」的副本 - 1月5日，上午7:13,JourneyMessageHistory_Others,261957-272300
63/96,「JourneyMessageHistory_Others」的副本 - 12月13日，上午7:13,JourneyMessageHistory_Others,272301-277999
64/96,「JourneyMessageHistory_Others」的副本 - 11月8日，上午7:12,JourneyMessageHistory_Others,278000-278740
65/96,「JourneyMessageHistory_Others」的副本 - 12月12日，上午7:13,JourneyMessageHistory_Others,278741-284030
66/96,「JourneyMessageHistory_Others」的副本 - 1月11日，上午7:14,JourneyMessageHistory_Others,284031-297120
67/96,「1JourneyMessageHistory_Others」的副本 - 1月15日，上午7:14,工作表1,297121-312326
68/96,「JourneyMessageHistory_Others」的副本 - 2021年12月27日，上午7:14,JourneyMessageHistory_Others,312327-322482
69/96,「JourneyMessageHistory_Others」的副本 - 10月24日，上午7:12,JourneyMessageHistory_Others,322483-322822
70/96,「JourneyMessageHistory_Others」的副本 - 11月28日，上午7:12,JourneyMessageHistory_Others,322823-325636
71/96,「JourneyMessageHistory_Others」的副本 - 10月16日，上午7:12,JourneyMessageHistory_Others,325637-325846
72/96,「JourneyMessageHistory_Others」的副本 - 10月30日，上午7:12,JourneyMessageHistory_Others,325847-326248
73/96,「1JourneyMessageHistory_Others」的副本 - 1月14日，上午7:14,工作表1,326249-341328
74/96,「JourneyMessageHistory_Others」的副本 - 10月11日，上午7:12,JourneyMessageHistory_Others,341329-341514
75/96,「JourneyMessageHistory_Others」的副本 - 11月17日，上午7:12,JourneyMessageHistory_Others,341515-343251
76/96,「JourneyMessageHistory_Others」的副本 - 1月9日，上午7:13,JourneyMessageHistory_Others,343252-355469
77/96,「JourneyMessageHistory_Others」的副本 - 12月16日，上午7:14,JourneyMessageHistory_Others,355470-362397
78/96,「JourneyMessageHistory_Others」的副本 - 2021年12月19日，上午7:13,JourneyMessageHistory_Others,362398-370306
79/96,「JourneyMessageHistory_Others」的副本 - 10月17日，上午7:12,JourneyMessageHistory_Others,370307-370520
80/96,「1JourneyMessageHistory_Others」的副本 - 1月13日，上午7:14,工作表1,370521-384771
81/96,「JourneyMessageHistory_Others」的副本 - 11月7日，上午7:14,JourneyMessageHistory_Others,384772-385465
82/96,「JourneyMessageHistory_Others」的副本 - 11月4日，上午7:12,JourneyMessageHistory_Others,385466-385869
83/96,「JourneyMessageHistory_Others」的副本 - 10月14日，上午7:12,JourneyMessageHistory_Others,385870-386063
84/96,「JourneyMessageHistory_Others」的副本 - 10月20日，上午7:12,JourneyMessageHistory_Others,386064-386357
85/96,「JourneyMessageHistory_Others」的副本 - 11月21日，上午7:12,JourneyMessageHistory_Others,386358-388610
86/96,「JourneyMessageHistory_Others」的副本 - 2021年12月29日，上午7:13,JourneyMessageHistory_Others,388611-399415
87/96,「1JourneyMessageHistory_Others」的副本 - 1月12日，上午7:14,工作表1,399416-413036
88/96,「JourneyMessageHistory_Others」的副本 - 10月8日，上午7:12,JourneyMessageHistory_Others,413037-413205
89/96,「JourneyMessageHistory_Others」的副本 - 10月18日，上午7:12,JourneyMessageHistory_Others,413206-413428
90/96,「JourneyMessageHistory_Others」的副本 - 11月16日，上午7:13,JourneyMessageHistory_Others,413429-415044
91/96,「JourneyMessageHistory_Others」的副本 - 10月23日，上午7:12,JourneyMessageHistory_Others,415045-415380
92/96,「JourneyMessageHistory_Others」的副本 - 1月8日，上午7:13,JourneyMessageHistory_Others,415381-427243
93/96,「JourneyMessageHistory_Others」的副本 - 2021年12月26日，上午7:13,JourneyMessageHistory_Others,427244-437170
94/96,「JourneyMessageHistory_Others」的副本 - 10月28日，上午7:12,JourneyMessageHistory_Others,437171-437556
95/96,「JourneyMessageHistory_Others」的副本 - 10月25日，上午7:12,JourneyMessageHistory_Others,437557-437903
96/96,「JourneyMessageHistory_Others」的副本 - 11月11日，上午7:12,JourneyMessageHistory_Others,437904-438941
1/96,「JourneyMessageHistory_Others」的副本 - 11月13日，上午7:12,JourneyMessageHistory_Others,2-1254
2/96,「JourneyMessageHistory_Others」的副本 - 1月1日，上午7:13,JourneyMessageHistory_Others,1255-10030
3/96,「JourneyMessageHistory_Others」的副本 - 12月14日，上午7:13,JourneyMessageHistory_Others,10031-16331
4/96,「JourneyMessageHistory_Others」的副本 - 10月22日，上午7:12,JourneyMessageHistory_Others,16332-16664
5/96,「JourneyMessageHistory_Others」的副本 - 11月20日，上午7:12,JourneyMessageHistory_Others,16665-18799
6/96,「JourneyMessageHistory_Others」的副本 - 10月31日，上午7:12,JourneyMessageHistory_Others,18800-19203
7/96,「JourneyMessageHistory_Others」的副本 - 11月14日，上午7:12,JourneyMessageHistory_Others,19204-20549
8/96,「JourneyMessageHistory_Others」的副本 - 11月3日，上午7:12,JourneyMessageHistory_Others,20550-20953
9/96,「JourneyMessageHistory_Others」的副本 - 11月18日，上午7:12,JourneyMessageHistory_Others,20954-22841
10/96,「JourneyMessageHistory_Others」的副本 - 12月8日，上午7:13,JourneyMessageHistory_Others,22842-27270
11/96,「JourneyMessageHistory_Others」的副本 - 11月12日，上午7:12,JourneyMessageHistory_Others,27271-28479
12/96,「1JourneyMessageHistory_Others」的副本 - 1月17日，上午7:14,工作表1,28480-43892
13/96,「JourneyMessageHistory_Others」的副本 - 12月10日，上午7:14,JourneyMessageHistory_Others,43893-48774
14/96,「JourneyMessageHistory_Others」的副本 - 1月3日，上午7:13,JourneyMessageHistory_Others,48775-58119
15/96,「JourneyMessageHistory_Others」的副本 - 11月6日，上午7:12,JourneyMessageHistory_Others,58120-58702
16/96,「JourneyMessageHistory_Others」的副本 - 11月27日，上午7:12,JourneyMessageHistory_Others,58703-61417
17/96,「JourneyMessageHistory_Others」的副本 - 11月22日，上午7:12,JourneyMessageHistory_Others,61418-63717
18/96,「JourneyMessageHistory_Others」的副本 - 11月25日，上午7:12,JourneyMessageHistory_Others,63718-66375
19/96,「JourneyMessageHistory_Others」的副本 - 10月27日，上午7:12,JourneyMessageHistory_Others,66376-66751
20/96,「JourneyMessageHistory_Others」的副本 - 10月7日，上午7:12,JourneyMessageHistory_Others,66752-66911
21/96,「JourneyMessageHistory_Others」的副本 - 12月7日，上午7:13,JourneyMessageHistory_Others,66912-71145
22/96,「JourneyMessageHistory_Others」的副本 - 10月29日，上午7:12,JourneyMessageHistory_Others,71146-71543
23/96,「JourneyMessageHistory_Others」的副本 - 1月6日，上午7:13,JourneyMessageHistory_Others,71544-82360
24/96,「JourneyMessageHistory_Others」的副本 - 11月15日，上午7:12,JourneyMessageHistory_Others,82361-83780
25/96,「JourneyMessageHistory_Others」的副本 - 2021年12月28日，上午7:13,JourneyMessageHistory_Others,83781-94372
26/96,「JourneyMessageHistory_Others」的副本 - 12月1日，上午7:13,JourneyMessageHistory_Others,94373-97478
27/96,「JourneyMessageHistory_Others」的副本 - 11月5日，上午7:12,JourneyMessageHistory_Others,97479-98022
28/96,「JourneyMessageHistory_Others」的副本 - 1月10日，上午7:13,JourneyMessageHistory_Others,98023-110638
29/96,「JourneyMessageHistory_Others」的副本 - 11月9日，上午7:12,JourneyMessageHistory_Others,110639-111513
30/96,「1JourneyMessageHistory_Others」的副本 - 1月16日，上午7:13,工作表1,111514-111513
31/96,「JourneyMessageHistory_Others」的副本 - 10月19日，上午7:13,JourneyMessageHistory_Others,111514-111780
32/96,「JourneyMessageHistory_Others」的副本 - 2021年12月20日，上午7:13,JourneyMessageHistory_Others,111781-119956
33/96,「JourneyMessageHistory_Others」的副本 - 1月7日，上午7:13,JourneyMessageHistory_Others,119957-131501
34/96,「JourneyMessageHistory_Others」的副本 - 10月26日，上午7:12,JourneyMessageHistory_Others,131502-131852
35/96,「JourneyMessageHistory_Others」的副本 - 1月4日，上午7:13,JourneyMessageHistory_Others,131853-141601
36/96,「JourneyMessageHistory_Others」的副本 - 11月1日，上午7:12,JourneyMessageHistory_Others,141602-142005
37/96,「1JourneyMessageHistory_Others」的副本 - 1月19日，上午7:14,工作表1,142006-158096
38/96,「JourneyMessageHistory_Others」的副本 - 10月10日，上午7:12,JourneyMessageHistory_Others,158097-158278
39/96,「JourneyMessageHistory_Others」的副本 - 2021年12月17日，上午7:13,工作表2,158279-165748
40/96,「JourneyMessageHistory_Others」的副本 - 2021年12月25日，上午7:13,JourneyMessageHistory_Others,165749-175403
41/96,「JourneyMessageHistory_Others」的副本 - 11月24日，上午7:12,JourneyMessageHistory_Others,175404-177976
42/96,「JourneyMessageHistory_Others」的副本 - 12月9日，上午7:13,JourneyMessageHistory_Others,177977-182601
43/96,「JourneyMessageHistory_Others」的副本 - 11月23日，上午7:12,JourneyMessageHistory_Others,182602-185106
44/96,「JourneyMessageHistory_Others」的副本 - 11月10日，上午7:13,JourneyMessageHistory_Others,185107-186043
45/96,「JourneyMessageHistory_Others」的副本 - 10月13日，上午7:12,JourneyMessageHistory_Others,186044-186235
46/96,「JourneyMessageHistory_Others」的副本 - 10月6日，上午7:12,JourneyMessageHistory_Others,186236-186394
47/96,「JourneyMessageHistory_Others」的副本 - 2021年12月21日，上午7:13,JourneyMessageHistory_Others,186395-194990
48/96,「JourneyMessageHistory_Others」的副本 - 12月11日，上午7:13,JourneyMessageHistory_Others,194991-199971
49/96,「JourneyMessageHistory_Others」的副本 - 12月15日，上午7:14,JourneyMessageHistory_Others,199972-206625
50/96,「JourneyMessageHistory_Others」的副本 - 10月12日，上午7:12,JourneyMessageHistory_Others,206626-206814
51/96,「JourneyMessageHistory_Others」的副本 - 11月26日，上午7:26,JourneyMessageHistory_Others,206815-209480
52/96,「JourneyMessageHistory_Others」的副本 - 11月30日，上午7:12,JourneyMessageHistory_Others,209481-212586
53/96,「JourneyMessageHistory_Others」的副本 - 2021年12月31日，上午7:14,JourneyMessageHistory_Others,212587-224098
54/96,「JourneyMessageHistory_Others」的副本 - 2021年12月30日，上午7:13,JourneyMessageHistory_Others,224099-226598
55/96,「JourneyMessageHistory_Others」的副本 - 11月2日，上午7:12,JourneyMessageHistory_Others,226599-227002
56/96,「JourneyMessageHistory_Others」的副本 - 10月21日，上午7:12,JourneyMessageHistory_Others,227003-227296
57/96,「JourneyMessageHistory_Others」的副本 - 2021年12月18日，上午7:14,JourneyMessageHistory_Others,227297-234968
58/96,「JourneyMessageHistory_Others」的副本 - 11月19日，上午7:13,JourneyMessageHistory_Others,234969-237070
59/96,「JourneyMessageHistory_Others」的副本 - 1月2日，上午7:13,JourneyMessageHistory_Others,237071-246046
60/96,「JourneyMessageHistory_Others」的副本 - 10月9日，上午7:12,JourneyMessageHistory_Others,246047-246219
61/96,「1JourneyMessageHistory_Others」的副本 - 1月18日，上午7:14,工作表1,246220-261956
62/96,「JourneyMessageHistory_Others」的副本 - 1月5日，上午7:13,JourneyMessageHistory_Others,261957-272300
63/96,「JourneyMessageHistory_Others」的副本 - 12月13日，上午7:13,JourneyMessageHistory_Others,272301-277999
64/96,「JourneyMessageHistory_Others」的副本 - 11月8日，上午7:12,JourneyMessageHistory_Others,278000-278740
65/96,「JourneyMessageHistory_Others」的副本 - 12月12日，上午7:13,JourneyMessageHistory_Others,278741-284030
66/96,「JourneyMessageHistory_Others」的副本 - 1月11日，上午7:14,JourneyMessageHistory_Others,284031-297120
67/96,「1JourneyMessageHistory_Others」的副本 - 1月15日，上午7:14,工作表1,297121-312326
68/96,「JourneyMessageHistory_Others」的副本 - 2021年12月27日，上午7:14,JourneyMessageHistory_Others,312327-322482
69/96,「JourneyMessageHistory_Others」的副本 - 10月24日，上午7:12,JourneyMessageHistory_Others,322483-322822
70/96,「JourneyMessageHistory_Others」的副本 - 11月28日，上午7:12,JourneyMessageHistory_Others,322823-325636
71/96,「JourneyMessageHistory_Others」的副本 - 10月16日，上午7:12,JourneyMessageHistory_Others,325637-325846
72/96,「JourneyMessageHistory_Others」的副本 - 10月30日，上午7:12,JourneyMessageHistory_Others,325847-326248
73/96,「1JourneyMessageHistory_Others」的副本 - 1月14日，上午7:14,工作表1,326249-341328
74/96,「JourneyMessageHistory_Others」的副本 - 10月11日，上午7:12,JourneyMessageHistory_Others,341329-341514
75/96,「JourneyMessageHistory_Others」的副本 - 11月17日，上午7:12,JourneyMessageHistory_Others,341515-343251
76/96,「JourneyMessageHistory_Others」的副本 - 1月9日，上午7:13,JourneyMessageHistory_Others,343252-355469
77/96,「JourneyMessageHistory_Others」的副本 - 12月16日，上午7:14,JourneyMessageHistory_Others,355470-362397
78/96,「JourneyMessageHistory_Others」的副本 - 2021年12月19日，上午7:13,JourneyMessageHistory_Others,362398-370306
79/96,「JourneyMessageHistory_Others」的副本 - 10月17日，上午7:12,JourneyMessageHistory_Others,370307-370520
80/96,「1JourneyMessageHistory_Others」的副本 - 1月13日，上午7:14,工作表1,370521-384771
81/96,「JourneyMessageHistory_Others」的副本 - 11月7日，上午7:14,JourneyMessageHistory_Others,384772-385465
82/96,「JourneyMessageHistory_Others」的副本 - 11月4日，上午7:12,JourneyMessageHistory_Others,385466-385869
83/96,「JourneyMessageHistory_Others」的副本 - 10月14日，上午7:12,JourneyMessageHistory_Others,385870-386063
84/96,「JourneyMessageHistory_Others」的副本 - 10月20日，上午7:12,JourneyMessageHistory_Others,386064-386357
85/96,「JourneyMessageHistory_Others」的副本 - 11月21日，上午7:12,JourneyMessageHistory_Others,386358-388610
86/96,「JourneyMessageHistory_Others」的副本 - 2021年12月29日，上午7:13,JourneyMessageHistory_Others,388611-399415
87/96,「1JourneyMessageHistory_Others」的副本 - 1月12日，上午7:14,工作表1,399416-413036
88/96,「JourneyMessageHistory_Others」的副本 - 10月8日，上午7:12,JourneyMessageHistory_Others,413037-413205
89/96,「JourneyMessageHistory_Others」的副本 - 10月18日，上午7:12,JourneyMessageHistory_Others,413206-413428
90/96,「JourneyMessageHistory_Others」的副本 - 11月16日，上午7:13,JourneyMessageHistory_Others,413429-415044
91/96,「JourneyMessageHistory_Others」的副本 - 10月23日，上午7:12,JourneyMessageHistory_Others,415045-415380
92/96,「JourneyMessageHistory_Others」的副本 - 1月8日，上午7:13,JourneyMessageHistory_Others,415381-427243
93/96,「JourneyMessageHistory_Others」的副本 - 2021年12月26日，上午7:13,JourneyMessageHistory_Others,427244-437170
94/96,「JourneyMessageHistory_Others」的副本 - 10月28日，上午7:12,JourneyMessageHistory_Others,437171-437556
95/96,「JourneyMessageHistory_Others」的副本 - 10月25日，上午7:12,JourneyMessageHistory_Others,437557-437903
96/96,「JourneyMessageHistory_Others」的副本 - 11月11日，上午7:12,JourneyMessageHistory_Others,437904-438941
1/5,「1JourneyMessageHistory_Others」的副本 - 1月23日，上午7:14,工作表1,2-17103
2/5,「1JourneyMessageHistory_Others」的副本 - 1月21日，上午7:14,工作表1,17104-33983
3/5,「1JourneyMessageHistory_Others」的副本 - 1月20日，上午7:14,工作表1,33984-50256
4/5,「1JourneyMessageHistory_Others」的副本 - 1月22日，上午7:14,工作表1,50257-67220
5/5,「1JourneyMessageHistory_Others」的副本 - 1月24日，上午7:14,工作表1,67221-84436
